card_id,name,url,status
1,Blue-eyes White Dragon,https://yugioh-fm-db.pages.dev/cards/1/,OK
2,Mystical Elf,https://yugioh-fm-db.pages.dev/cards/2/,OK
3,Hitotsu-me Giant,https://yugioh-fm-db.pages.dev/cards/3/,OK
4,Baby Dragon,https://yugioh-fm-db.pages.dev/cards/4/,OK
5,Ryu-kishin,https://yugioh-fm-db.pages.dev/cards/5/,OK
6,Feral Imp,https://yugioh-fm-db.pages.dev/cards/6/,OK
7,Winged Dragon #1,https://yugioh-fm-db.pages.dev/cards/7/,OK
8,Mushroom Man,https://yugioh-fm-db.pages.dev/cards/8/,OK
9,Shadow Specter,https://yugioh-fm-db.pages.dev/cards/9/,OK
10,Blackland Fire Dragon,https://yugioh-fm-db.pages.dev/cards/10/,OK
11,Sword Arm of Dragon,https://yugioh-fm-db.pages.dev/cards/11/,OK
12,Swamp Battleguard,https://yugioh-fm-db.pages.dev/cards/12/,OK
13,Tyhone,https://yugioh-fm-db.pages.dev/cards/13/,OK
14,Battle Steer,https://yugioh-fm-db.pages.dev/cards/14/,OK
15,Flame Swordsman,https://yugioh-fm-db.pages.dev/cards/15/,OK
16,Time Wizard,https://yugioh-fm-db.pages.dev/cards/16/,OK
17,Right Leg of the Forbidden One,https://yugioh-fm-db.pages.dev/cards/17/,OK
18,Left Leg of the Forbidden One,https://yugioh-fm-db.pages.dev/cards/18/,OK
19,Right Arm of the Forbidden One,https://yugioh-fm-db.pages.dev/cards/19/,OK
20,Left Arm of the Forbidden One,https://yugioh-fm-db.pages.dev/cards/20/,OK
21,Exodia the Forbidden,https://yugioh-fm-db.pages.dev/cards/21/,OK
22,Summoned Skull,https://yugioh-fm-db.pages.dev/cards/22/,OK
23,The Wicked Worm Beast,https://yugioh-fm-db.pages.dev/cards/23/,OK
24,Skull Servant,https://yugioh-fm-db.pages.dev/cards/24/,OK
25,Horn Imp,https://yugioh-fm-db.pages.dev/cards/25/,OK
26,Battle Ox,https://yugioh-fm-db.pages.dev/cards/26/,OK
27,Beaver Warrior,https://yugioh-fm-db.pages.dev/cards/27/,OK
28,Rock Ogre Grotto #1,https://yugioh-fm-db.pages.dev/cards/28/,OK
29,Mountain Warrior,https://yugioh-fm-db.pages.dev/cards/29/,OK
30,Zombie Warrior,https://yugioh-fm-db.pages.dev/cards/30/,OK
31,Koumori Dragon,https://yugioh-fm-db.pages.dev/cards/31/,OK
32,Two-headed King Rex,https://yugioh-fm-db.pages.dev/cards/32/,OK
33,Judge Man,https://yugioh-fm-db.pages.dev/cards/33/,OK
34,Saggi the Dark Clown,https://yugioh-fm-db.pages.dev/cards/34/,OK
35,Dark Magician,https://yugioh-fm-db.pages.dev/cards/35/,OK
36,The Snake Hair,https://yugioh-fm-db.pages.dev/cards/36/,OK
37,Gaia the Dragon Champion,https://yugioh-fm-db.pages.dev/cards/37/,OK
38,Gaia the Fierce Knight,https://yugioh-fm-db.pages.dev/cards/38/,OK
39,Curse of Dragon,https://yugioh-fm-db.pages.dev/cards/39/,OK
40,Dragon Piper,https://yugioh-fm-db.pages.dev/cards/40/,OK
41,Celtic Guardian,https://yugioh-fm-db.pages.dev/cards/41/,OK
42,Illusionist Faceless Mage,https://yugioh-fm-db.pages.dev/cards/42/,OK
43,Karbonala Warrior,https://yugioh-fm-db.pages.dev/cards/43/,OK
44,Rogue Doll,https://yugioh-fm-db.pages.dev/cards/44/,OK
45,Oscillo Hero #2,https://yugioh-fm-db.pages.dev/cards/45/,OK
46,Griffore,https://yugioh-fm-db.pages.dev/cards/46/,OK
47,Torike,https://yugioh-fm-db.pages.dev/cards/47/,OK
48,Sangan,https://yugioh-fm-db.pages.dev/cards/48/,OK
49,Big Insect,https://yugioh-fm-db.pages.dev/cards/49/,OK
50,Basic Insect,https://yugioh-fm-db.pages.dev/cards/50/,OK
51,Armored Lizard,https://yugioh-fm-db.pages.dev/cards/51/,OK
52,Hercules Beetle,https://yugioh-fm-db.pages.dev/cards/52/,OK
53,Killer Needle,https://yugioh-fm-db.pages.dev/cards/53/,OK
54,Gokibore,https://yugioh-fm-db.pages.dev/cards/54/,OK
55,Giant Flea,https://yugioh-fm-db.pages.dev/cards/55/,OK
56,Larvae Moth,https://yugioh-fm-db.pages.dev/cards/56/,OK
57,Great Moth,https://yugioh-fm-db.pages.dev/cards/57/,OK
58,Kuriboh,https://yugioh-fm-db.pages.dev/cards/58/,OK
59,Mammoth Graveyard,https://yugioh-fm-db.pages.dev/cards/59/,OK
60,Great White,https://yugioh-fm-db.pages.dev/cards/60/,OK
61,Wolf,https://yugioh-fm-db.pages.dev/cards/61/,OK
62,Harpie Lady,https://yugioh-fm-db.pages.dev/cards/62/,OK
63,Harpie Lady Sisters,https://yugioh-fm-db.pages.dev/cards/63/,OK
64,Tiger Axe,https://yugioh-fm-db.pages.dev/cards/64/,OK
65,Silver Fang,https://yugioh-fm-db.pages.dev/cards/65/,OK
66,Kojikocy,https://yugioh-fm-db.pages.dev/cards/66/,OK
67,Perfectly Ultimate Great Moth,https://yugioh-fm-db.pages.dev/cards/67/,OK
68,Garoozis,https://yugioh-fm-db.pages.dev/cards/68/,OK
69,Thousand Dragon,https://yugioh-fm-db.pages.dev/cards/69/,OK
70,Fiend Kraken,https://yugioh-fm-db.pages.dev/cards/70/,OK
71,Jellyfish,https://yugioh-fm-db.pages.dev/cards/71/,OK
72,Cocoon of Evolution,https://yugioh-fm-db.pages.dev/cards/72/,OK
73,Kairyu-shin,https://yugioh-fm-db.pages.dev/cards/73/,OK
74,Giant Soldier of Stone,https://yugioh-fm-db.pages.dev/cards/74/,OK
75,Man-eating Plant,https://yugioh-fm-db.pages.dev/cards/75/,OK
76,Krokodilus,https://yugioh-fm-db.pages.dev/cards/76/,OK
77,Grappler,https://yugioh-fm-db.pages.dev/cards/77/,OK
78,Axe Raider,https://yugioh-fm-db.pages.dev/cards/78/,OK
79,Megazowler,https://yugioh-fm-db.pages.dev/cards/79/,OK
80,Uraby,https://yugioh-fm-db.pages.dev/cards/80/,OK
81,Crawling Dragon #2,https://yugioh-fm-db.pages.dev/cards/81/,OK
82,Red-eyes B. Dragon,https://yugioh-fm-db.pages.dev/cards/82/,OK
83,Castle of Dark Illusions,https://yugioh-fm-db.pages.dev/cards/83/,OK
84,Reaper of the Cards,https://yugioh-fm-db.pages.dev/cards/84/,OK
85,King of Yamimakai,https://yugioh-fm-db.pages.dev/cards/85/,OK
86,Barox,https://yugioh-fm-db.pages.dev/cards/86/,OK
87,Dark Chimera,https://yugioh-fm-db.pages.dev/cards/87/,OK
88,Metal Guardian,https://yugioh-fm-db.pages.dev/cards/88/,OK
89,Catapult Turtle,https://yugioh-fm-db.pages.dev/cards/89/,OK
90,Gyakutenno Megami,https://yugioh-fm-db.pages.dev/cards/90/,OK
91,Mystic Horseman,https://yugioh-fm-db.pages.dev/cards/91/,OK
92,Rabid Horseman,https://yugioh-fm-db.pages.dev/cards/92/,OK
93,Zanki,https://yugioh-fm-db.pages.dev/cards/93/,OK
94,Crawling Dragon,https://yugioh-fm-db.pages.dev/cards/94/,OK
95,Crass Clown,https://yugioh-fm-db.pages.dev/cards/95/,OK
96,Armored Zombie,https://yugioh-fm-db.pages.dev/cards/96/,OK
97,Dragon Zombie,https://yugioh-fm-db.pages.dev/cards/97/,OK
98,Clown Zombie,https://yugioh-fm-db.pages.dev/cards/98/,OK
99,Pumpking the King of Ghosts,https://yugioh-fm-db.pages.dev/cards/99/,OK
100,Battle Warrior,https://yugioh-fm-db.pages.dev/cards/100/,OK
101,Wings of Wicked Flame,https://yugioh-fm-db.pages.dev/cards/101/,OK
102,Mask of Darkness,https://yugioh-fm-db.pages.dev/cards/102/,OK
103,Job-change Mirror,https://yugioh-fm-db.pages.dev/cards/103/,OK
104,Curtain of the Dark Ones,https://yugioh-fm-db.pages.dev/cards/104/,OK
105,Tomozaurus,https://yugioh-fm-db.pages.dev/cards/105/,OK
106,Spirit of the Winds,https://yugioh-fm-db.pages.dev/cards/106/,OK
107,Kageningen,https://yugioh-fm-db.pages.dev/cards/107/,OK
108,Graveyard and the Hand of Invitation,https://yugioh-fm-db.pages.dev/cards/108/,OK
109,Goddess with the Third Eye,https://yugioh-fm-db.pages.dev/cards/109/,OK
110,Hero of the East,https://yugioh-fm-db.pages.dev/cards/110/,OK
111,Doma The Angel of Silence,https://yugioh-fm-db.pages.dev/cards/111/,OK
112,That Which Feeds on Life,https://yugioh-fm-db.pages.dev/cards/112/,OK
113,Dark Gray,https://yugioh-fm-db.pages.dev/cards/113/,OK
114,White Magical Hat,https://yugioh-fm-db.pages.dev/cards/114/,OK
115,Kamion Wizard,https://yugioh-fm-db.pages.dev/cards/115/,OK
116,Nightmare Scorpion,https://yugioh-fm-db.pages.dev/cards/116/,OK
117,Spirit of the Books,https://yugioh-fm-db.pages.dev/cards/117/,OK
118,Supporter in the Shadows,https://yugioh-fm-db.pages.dev/cards/118/,OK
119,Trial of Nightmares,https://yugioh-fm-db.pages.dev/cards/119/,OK
120,Dream Clown,https://yugioh-fm-db.pages.dev/cards/120/,OK
121,Sleeping Lion,https://yugioh-fm-db.pages.dev/cards/121/,OK
122,Yamatano Dragon Scroll,https://yugioh-fm-db.pages.dev/cards/122/,OK
123,Dark Plant,https://yugioh-fm-db.pages.dev/cards/123/,OK
124,Ancient Tool,https://yugioh-fm-db.pages.dev/cards/124/,OK
125,Faith Bird,https://yugioh-fm-db.pages.dev/cards/125/,OK
126,Orion the Battle King,https://yugioh-fm-db.pages.dev/cards/126/,OK
127,Ansatsu,https://yugioh-fm-db.pages.dev/cards/127/,OK
128,LaMoon,https://yugioh-fm-db.pages.dev/cards/128/,OK
129,Nemuriko,https://yugioh-fm-db.pages.dev/cards/129/,OK
130,Weather Control,https://yugioh-fm-db.pages.dev/cards/130/,OK
131,Octoberser,https://yugioh-fm-db.pages.dev/cards/131/,OK
132,The 13th Grave,https://yugioh-fm-db.pages.dev/cards/132/,OK
133,Charubin the Fire Knight,https://yugioh-fm-db.pages.dev/cards/133/,OK
134,Mystical Capture Chain,https://yugioh-fm-db.pages.dev/cards/134/,OK
135,Fiend's Hand,https://yugioh-fm-db.pages.dev/cards/135/,OK
136,Witty Phantom,https://yugioh-fm-db.pages.dev/cards/136/,OK
137,Mystery Hand,https://yugioh-fm-db.pages.dev/cards/137/,OK
138,Dragon Statue,https://yugioh-fm-db.pages.dev/cards/138/,OK
139,Blue-eyed Silver Zombie,https://yugioh-fm-db.pages.dev/cards/139/,OK
140,Toad Master,https://yugioh-fm-db.pages.dev/cards/140/,OK
141,Spiked Snail,https://yugioh-fm-db.pages.dev/cards/141/,OK
142,Flame Manipulator,https://yugioh-fm-db.pages.dev/cards/142/,OK
143,Necrolancer the Timelord,https://yugioh-fm-db.pages.dev/cards/143/,OK
144,Djinn the Watcher of the Wind,https://yugioh-fm-db.pages.dev/cards/144/,OK
145,The Bewitching Phantom Thief,https://yugioh-fm-db.pages.dev/cards/145/,OK
146,Temple of Skulls,https://yugioh-fm-db.pages.dev/cards/146/,OK
147,Monster Egg,https://yugioh-fm-db.pages.dev/cards/147/,OK
148,The Shadow Who Controls the Dark,https://yugioh-fm-db.pages.dev/cards/148/,OK
149,Lord of the Lamp,https://yugioh-fm-db.pages.dev/cards/149/,OK
150,Akihiron,https://yugioh-fm-db.pages.dev/cards/150/,OK
151,Rhaimundos of the Red Sword,https://yugioh-fm-db.pages.dev/cards/151/,OK
152,The Melting Red Shadow,https://yugioh-fm-db.pages.dev/cards/152/,OK
153,Dokuroizo the Grim Reaper,https://yugioh-fm-db.pages.dev/cards/153/,OK
154,Fire Reaper,https://yugioh-fm-db.pages.dev/cards/154/,OK
155,Larvas,https://yugioh-fm-db.pages.dev/cards/155/,OK
156,Hard Armor,https://yugioh-fm-db.pages.dev/cards/156/,OK
157,Firegrass,https://yugioh-fm-db.pages.dev/cards/157/,OK
158,Man Eater,https://yugioh-fm-db.pages.dev/cards/158/,OK
159,Dig Beak,https://yugioh-fm-db.pages.dev/cards/159/,OK
160,M-warrior #1,https://yugioh-fm-db.pages.dev/cards/160/,OK
161,M-warrior #2,https://yugioh-fm-db.pages.dev/cards/161/,OK
162,Tainted Wisdom,https://yugioh-fm-db.pages.dev/cards/162/,OK
163,Lisark,https://yugioh-fm-db.pages.dev/cards/163/,OK
164,Lord of Zemia,https://yugioh-fm-db.pages.dev/cards/164/,OK
165,The Judgement Hand,https://yugioh-fm-db.pages.dev/cards/165/,OK
166,Mysterious Puppeteer,https://yugioh-fm-db.pages.dev/cards/166/,OK
167,Ancient Jar,https://yugioh-fm-db.pages.dev/cards/167/,OK
168,Darkfire Dragon,https://yugioh-fm-db.pages.dev/cards/168/,OK
169,Dark King of the Abyss,https://yugioh-fm-db.pages.dev/cards/169/,OK
170,Spirit of the Harp,https://yugioh-fm-db.pages.dev/cards/170/,OK
171,Big Eye,https://yugioh-fm-db.pages.dev/cards/171/,OK
172,Armaill,https://yugioh-fm-db.pages.dev/cards/172/,OK
173,Dark Prisoner,https://yugioh-fm-db.pages.dev/cards/173/,OK
174,Hurricail,https://yugioh-fm-db.pages.dev/cards/174/,OK
175,Ancient Brain,https://yugioh-fm-db.pages.dev/cards/175/,OK
176,Fire Eye,https://yugioh-fm-db.pages.dev/cards/176/,OK
177,Monsturtle,https://yugioh-fm-db.pages.dev/cards/177/,OK
178,Claw Reacher,https://yugioh-fm-db.pages.dev/cards/178/,OK
179,Phantom Dewan,https://yugioh-fm-db.pages.dev/cards/179/,OK
180,Arlownay,https://yugioh-fm-db.pages.dev/cards/180/,OK
181,Dark Shade,https://yugioh-fm-db.pages.dev/cards/181/,OK
182,Masked Clown,https://yugioh-fm-db.pages.dev/cards/182/,OK
183,Lucky Trinket,https://yugioh-fm-db.pages.dev/cards/183/,OK
184,Genin,https://yugioh-fm-db.pages.dev/cards/184/,OK
185,Eyearmor,https://yugioh-fm-db.pages.dev/cards/185/,OK
186,Fiend Refrection #2,https://yugioh-fm-db.pages.dev/cards/186/,OK
187,Gate Deeg,https://yugioh-fm-db.pages.dev/cards/187/,OK
188,Synchar,https://yugioh-fm-db.pages.dev/cards/188/,OK
189,Fusionist,https://yugioh-fm-db.pages.dev/cards/189/,OK
190,Akakieisu,https://yugioh-fm-db.pages.dev/cards/190/,OK
191,LaLa Li-oon,https://yugioh-fm-db.pages.dev/cards/191/,OK
192,Key Mace,https://yugioh-fm-db.pages.dev/cards/192/,OK
193,Turtle Tiger,https://yugioh-fm-db.pages.dev/cards/193/,OK
194,Terra the Terrible,https://yugioh-fm-db.pages.dev/cards/194/,OK
195,Doron,https://yugioh-fm-db.pages.dev/cards/195/,OK
196,Arma Knight,https://yugioh-fm-db.pages.dev/cards/196/,OK
197,Mech Mole Zombie,https://yugioh-fm-db.pages.dev/cards/197/,OK
198,Happy Lover,https://yugioh-fm-db.pages.dev/cards/198/,OK
199,Penguin Knight,https://yugioh-fm-db.pages.dev/cards/199/,OK
200,Petit Dragon,https://yugioh-fm-db.pages.dev/cards/200/,OK
201,Frenzied Panda,https://yugioh-fm-db.pages.dev/cards/201/,OK
202,Air Marmot of Nefariousness,https://yugioh-fm-db.pages.dev/cards/202/,OK
203,Phantom Ghost,https://yugioh-fm-db.pages.dev/cards/203/,OK
204,Mabarrel,https://yugioh-fm-db.pages.dev/cards/204/,OK
205,Dorover,https://yugioh-fm-db.pages.dev/cards/205/,OK
206,Twin Long Rods #1,https://yugioh-fm-db.pages.dev/cards/206/,OK
207,Droll Bird,https://yugioh-fm-db.pages.dev/cards/207/,OK
208,Petit Angel,https://yugioh-fm-db.pages.dev/cards/208/,OK
209,Winged Cleaver,https://yugioh-fm-db.pages.dev/cards/209/,OK
210,Hinotama Soul,https://yugioh-fm-db.pages.dev/cards/210/,OK
211,Kaminarikozou,https://yugioh-fm-db.pages.dev/cards/211/,OK
212,Meotoko,https://yugioh-fm-db.pages.dev/cards/212/,OK
213,Aqua Madoor,https://yugioh-fm-db.pages.dev/cards/213/,OK
214,Kagemusha of the Blue Flame,https://yugioh-fm-db.pages.dev/cards/214/,OK
215,Flame Ghost,https://yugioh-fm-db.pages.dev/cards/215/,OK
216,Dryad,https://yugioh-fm-db.pages.dev/cards/216/,OK
217,B. Skull Dragon,https://yugioh-fm-db.pages.dev/cards/217/,OK
218,Two-mouth Darkruler,https://yugioh-fm-db.pages.dev/cards/218/,OK
219,Solitude,https://yugioh-fm-db.pages.dev/cards/219/,OK
220,Masked Sorcerer,https://yugioh-fm-db.pages.dev/cards/220/,OK
221,Kumootoko,https://yugioh-fm-db.pages.dev/cards/221/,OK
222,Midnight Fiend,https://yugioh-fm-db.pages.dev/cards/222/,OK
223,Roaring Ocean Snake,https://yugioh-fm-db.pages.dev/cards/223/,OK
224,Trap Master,https://yugioh-fm-db.pages.dev/cards/224/,OK
225,Fiend Sword,https://yugioh-fm-db.pages.dev/cards/225/,OK
226,Skull Stalker,https://yugioh-fm-db.pages.dev/cards/226/,OK
227,Hitodenchak,https://yugioh-fm-db.pages.dev/cards/227/,OK
228,Wood Remains,https://yugioh-fm-db.pages.dev/cards/228/,OK
229,Hourglass of Life,https://yugioh-fm-db.pages.dev/cards/229/,OK
230,Rare Fish,https://yugioh-fm-db.pages.dev/cards/230/,OK
231,Wood Clown,https://yugioh-fm-db.pages.dev/cards/231/,OK
232,Madjinn Gunn,https://yugioh-fm-db.pages.dev/cards/232/,OK
233,Dark Titan of Terror,https://yugioh-fm-db.pages.dev/cards/233/,OK
234,Beautiful Headhuntress,https://yugioh-fm-db.pages.dev/cards/234/,OK
235,Wodan the Resident of the Forest,https://yugioh-fm-db.pages.dev/cards/235/,OK
236,Guardian of the Labyrinth,https://yugioh-fm-db.pages.dev/cards/236/,OK
237,Haniwa,https://yugioh-fm-db.pages.dev/cards/237/,OK
238,Yashinoki,https://yugioh-fm-db.pages.dev/cards/238/,OK
239,Vishwar Randi,https://yugioh-fm-db.pages.dev/cards/239/,OK
240,The Drdek,https://yugioh-fm-db.pages.dev/cards/240/,OK
241,Dark Assailant,https://yugioh-fm-db.pages.dev/cards/241/,OK
242,Candle of Fate,https://yugioh-fm-db.pages.dev/cards/242/,OK
243,Water Element,https://yugioh-fm-db.pages.dev/cards/243/,OK
244,Dissolverock,https://yugioh-fm-db.pages.dev/cards/244/,OK
245,Meda Bat,https://yugioh-fm-db.pages.dev/cards/245/,OK
246,One Who Hunts Souls,https://yugioh-fm-db.pages.dev/cards/246/,OK
247,Root Water,https://yugioh-fm-db.pages.dev/cards/247/,OK
248,Master & Expert,https://yugioh-fm-db.pages.dev/cards/248/,OK
249,Water Omotics,https://yugioh-fm-db.pages.dev/cards/249/,OK
250,Hyo,https://yugioh-fm-db.pages.dev/cards/250/,OK
251,Enchanting Mermaid,https://yugioh-fm-db.pages.dev/cards/251/,OK
252,Nekogal #1,https://yugioh-fm-db.pages.dev/cards/252/,OK
253,Angelwitch,https://yugioh-fm-db.pages.dev/cards/253/,OK
254,Embryonic Beast,https://yugioh-fm-db.pages.dev/cards/254/,OK
255,Prevent Rat,https://yugioh-fm-db.pages.dev/cards/255/,OK
256,Dimensional Warrior,https://yugioh-fm-db.pages.dev/cards/256/,OK
257,Stone Armadiller,https://yugioh-fm-db.pages.dev/cards/257/,OK
258,Beastking of the Swamps,https://yugioh-fm-db.pages.dev/cards/258/,OK
259,Ancient Sorcerer,https://yugioh-fm-db.pages.dev/cards/259/,OK
260,Lunar Queen Elzaim,https://yugioh-fm-db.pages.dev/cards/260/,OK
261,Wicked Mirror,https://yugioh-fm-db.pages.dev/cards/261/,OK
262,The Little Swordsman of Aile,https://yugioh-fm-db.pages.dev/cards/262/,OK
263,Rock Ogre Grotto #2,https://yugioh-fm-db.pages.dev/cards/263/,OK
264,Wing Egg Elf,https://yugioh-fm-db.pages.dev/cards/264/,OK
265,The Furious Sea King,https://yugioh-fm-db.pages.dev/cards/265/,OK
266,Princess of Tsurugi,https://yugioh-fm-db.pages.dev/cards/266/,OK
267,Unknown Warrior of Fiend,https://yugioh-fm-db.pages.dev/cards/267/,OK
268,Sectarian of Secrets,https://yugioh-fm-db.pages.dev/cards/268/,OK
269,Versago the Destroyer,https://yugioh-fm-db.pages.dev/cards/269/,OK
270,Wetha,https://yugioh-fm-db.pages.dev/cards/270/,OK
271,Megirus Light,https://yugioh-fm-db.pages.dev/cards/271/,OK
272,Mavelus,https://yugioh-fm-db.pages.dev/cards/272/,OK
273,Ancient Tree of Enlightenment,https://yugioh-fm-db.pages.dev/cards/273/,OK
274,Green Phantom King,https://yugioh-fm-db.pages.dev/cards/274/,OK
275,Ground Attacker Bugroth,https://yugioh-fm-db.pages.dev/cards/275/,OK
276,Ray & Temperature,https://yugioh-fm-db.pages.dev/cards/276/,OK
277,Gorgon Egg,https://yugioh-fm-db.pages.dev/cards/277/,OK
278,Petit Moth,https://yugioh-fm-db.pages.dev/cards/278/,OK
279,King Fog,https://yugioh-fm-db.pages.dev/cards/279/,OK
280,Protector of the Throne,https://yugioh-fm-db.pages.dev/cards/280/,OK
281,Mystic Clown,https://yugioh-fm-db.pages.dev/cards/281/,OK
282,Mystical Sheep #2,https://yugioh-fm-db.pages.dev/cards/282/,OK
283,Holograh,https://yugioh-fm-db.pages.dev/cards/283/,OK
284,Tao the Chanter,https://yugioh-fm-db.pages.dev/cards/284/,OK
285,Serpent Marauder,https://yugioh-fm-db.pages.dev/cards/285/,OK
286,Gatekeeper,https://yugioh-fm-db.pages.dev/cards/286/,OK
287,Ogre of the Black Shadow,https://yugioh-fm-db.pages.dev/cards/287/,OK
288,Dark Artist,https://yugioh-fm-db.pages.dev/cards/288/,OK
289,Change Slime,https://yugioh-fm-db.pages.dev/cards/289/,OK
290,Moon Envoy,https://yugioh-fm-db.pages.dev/cards/290/,OK
291,Fireyarou,https://yugioh-fm-db.pages.dev/cards/291/,OK
292,Psychic Kappa,https://yugioh-fm-db.pages.dev/cards/292/,OK
293,Masaki the Legendary Swordsman,https://yugioh-fm-db.pages.dev/cards/293/,OK
294,Dragoness the Wicked Knight,https://yugioh-fm-db.pages.dev/cards/294/,OK
295,Bio Plant,https://yugioh-fm-db.pages.dev/cards/295/,OK
296,One-eyed Shield Dragon,https://yugioh-fm-db.pages.dev/cards/296/,OK
297,Cyber Soldier of Darkworld,https://yugioh-fm-db.pages.dev/cards/297/,OK
298,Wicked Dragon with the Ersatz Head,https://yugioh-fm-db.pages.dev/cards/298/,OK
299,Sonic Maid,https://yugioh-fm-db.pages.dev/cards/299/,OK
300,Kurama,https://yugioh-fm-db.pages.dev/cards/300/,OK
301,Legendary Sword,https://yugioh-fm-db.pages.dev/cards/301/,OK
302,Sword of Dark Destruction,https://yugioh-fm-db.pages.dev/cards/302/,OK
303,Dark Energy,https://yugioh-fm-db.pages.dev/cards/303/,OK
304,Axe of Despair,https://yugioh-fm-db.pages.dev/cards/304/,OK
305,Laser Cannon Armor,https://yugioh-fm-db.pages.dev/cards/305/,OK
306,Insect Armor with Laser Cannon,https://yugioh-fm-db.pages.dev/cards/306/,OK
307,Elf's Light,https://yugioh-fm-db.pages.dev/cards/307/,OK
308,Beast Fangs,https://yugioh-fm-db.pages.dev/cards/308/,OK
309,Steel Shell,https://yugioh-fm-db.pages.dev/cards/309/,OK
310,Vile Germs,https://yugioh-fm-db.pages.dev/cards/310/,OK
311,Black Pendant,https://yugioh-fm-db.pages.dev/cards/311/,OK
312,Silver Bow and Arrow,https://yugioh-fm-db.pages.dev/cards/312/,OK
313,Horn of Light,https://yugioh-fm-db.pages.dev/cards/313/,OK
314,Horn of the Unicorn,https://yugioh-fm-db.pages.dev/cards/314/,OK
315,Dragon Treasure,https://yugioh-fm-db.pages.dev/cards/315/,OK
316,Electro-whip,https://yugioh-fm-db.pages.dev/cards/316/,OK
317,Cyber Shield,https://yugioh-fm-db.pages.dev/cards/317/,OK
318,Elegant Egotist,https://yugioh-fm-db.pages.dev/cards/318/,OK
319,Mystical Moon,https://yugioh-fm-db.pages.dev/cards/319/,OK
320,Stop Defense,https://yugioh-fm-db.pages.dev/cards/320/,OK
321,Malevolent Nuzzler,https://yugioh-fm-db.pages.dev/cards/321/,OK
322,Violet Crystal,https://yugioh-fm-db.pages.dev/cards/322/,OK
323,Book of Secret Arts,https://yugioh-fm-db.pages.dev/cards/323/,OK
324,Invigoration,https://yugioh-fm-db.pages.dev/cards/324/,OK
325,Machine Conversion Factory,https://yugioh-fm-db.pages.dev/cards/325/,OK
326,Raise Body Heat,https://yugioh-fm-db.pages.dev/cards/326/,OK
327,Follow Wind,https://yugioh-fm-db.pages.dev/cards/327/,OK
328,Power of Kaishin,https://yugioh-fm-db.pages.dev/cards/328/,OK
329,Dragon Capture Jar,https://yugioh-fm-db.pages.dev/cards/329/,OK
330,Forest,https://yugioh-fm-db.pages.dev/cards/330/,OK
331,Wasteland,https://yugioh-fm-db.pages.dev/cards/331/,OK
332,Mountain,https://yugioh-fm-db.pages.dev/cards/332/,OK
333,Sogen,https://yugioh-fm-db.pages.dev/cards/333/,OK
334,Umi,https://yugioh-fm-db.pages.dev/cards/334/,OK
335,Yami,https://yugioh-fm-db.pages.dev/cards/335/,OK
336,Dark Hole,https://yugioh-fm-db.pages.dev/cards/336/,OK
337,Raigeki,https://yugioh-fm-db.pages.dev/cards/337/,OK
338,Mooyan Curry,https://yugioh-fm-db.pages.dev/cards/338/,OK
339,Red Medicine,https://yugioh-fm-db.pages.dev/cards/339/,OK
340,Goblin's Secret Remedy,https://yugioh-fm-db.pages.dev/cards/340/,OK
341,Soul of the Pure,https://yugioh-fm-db.pages.dev/cards/341/,OK
342,Dian Keto the Cure Master,https://yugioh-fm-db.pages.dev/cards/342/,OK
343,Sparks,https://yugioh-fm-db.pages.dev/cards/343/,OK
344,Hinotama,https://yugioh-fm-db.pages.dev/cards/344/,OK
345,Final Flame,https://yugioh-fm-db.pages.dev/cards/345/,OK
346,Ookazi,https://yugioh-fm-db.pages.dev/cards/346/,OK
347,Tremendous Fire,https://yugioh-fm-db.pages.dev/cards/347/,OK
348,Swords of Revealing Light,https://yugioh-fm-db.pages.dev/cards/348/,OK
349,Spellbinding Circle,https://yugioh-fm-db.pages.dev/cards/349/,OK
350,Dark-piercing Light,https://yugioh-fm-db.pages.dev/cards/350/,OK
351,Yaranzo,https://yugioh-fm-db.pages.dev/cards/351/,OK
352,Kanan the Swordmistress,https://yugioh-fm-db.pages.dev/cards/352/,OK
353,Takriminos,https://yugioh-fm-db.pages.dev/cards/353/,OK
354,Stuffed Animal,https://yugioh-fm-db.pages.dev/cards/354/,OK
355,Megasonic Eye,https://yugioh-fm-db.pages.dev/cards/355/,OK
356,Super War-lion,https://yugioh-fm-db.pages.dev/cards/356/,OK
357,Yamadron,https://yugioh-fm-db.pages.dev/cards/357/,OK
358,Seiyaryu,https://yugioh-fm-db.pages.dev/cards/358/,OK
359,Three-legged Zombies,https://yugioh-fm-db.pages.dev/cards/359/,OK
360,Zera The Mant,https://yugioh-fm-db.pages.dev/cards/360/,OK
361,Flying Penguin,https://yugioh-fm-db.pages.dev/cards/361/,OK
362,Millennium Shield,https://yugioh-fm-db.pages.dev/cards/362/,OK
363,Fairy's Gift,https://yugioh-fm-db.pages.dev/cards/363/,OK
364,Black Luster Soldier,https://yugioh-fm-db.pages.dev/cards/364/,OK
365,Fiend's Mirror,https://yugioh-fm-db.pages.dev/cards/365/,OK
366,Labyrinth Wall,https://yugioh-fm-db.pages.dev/cards/366/,OK
367,Jirai Gumo,https://yugioh-fm-db.pages.dev/cards/367/,OK
368,Shadow Ghoul,https://yugioh-fm-db.pages.dev/cards/368/,OK
369,Wall Shadow,https://yugioh-fm-db.pages.dev/cards/369/,OK
370,Labyrinth Tank,https://yugioh-fm-db.pages.dev/cards/370/,OK
371,Sanga of the Thunder,https://yugioh-fm-db.pages.dev/cards/371/,OK
372,Kazejin,https://yugioh-fm-db.pages.dev/cards/372/,OK
373,Suijin,https://yugioh-fm-db.pages.dev/cards/373/,OK
374,Gate Guardian,https://yugioh-fm-db.pages.dev/cards/374/,OK
375,Dungeon Worm,https://yugioh-fm-db.pages.dev/cards/375/,OK
376,Monster Tamer,https://yugioh-fm-db.pages.dev/cards/376/,OK
377,Ryu-kishin Powered,https://yugioh-fm-db.pages.dev/cards/377/,OK
378,Swordstalker,https://yugioh-fm-db.pages.dev/cards/378/,OK
379,La Jinn the Mystical Genie,https://yugioh-fm-db.pages.dev/cards/379/,OK
380,Blue-eyes Ultimate Dragon,https://yugioh-fm-db.pages.dev/cards/380/,OK
381,Toon Alligator,https://yugioh-fm-db.pages.dev/cards/381/,OK
382,Rude Kaiser,https://yugioh-fm-db.pages.dev/cards/382/,OK
383,Parrot Dragon,https://yugioh-fm-db.pages.dev/cards/383/,OK
384,Dark Rabbit,https://yugioh-fm-db.pages.dev/cards/384/,OK
385,Bickuribox,https://yugioh-fm-db.pages.dev/cards/385/,OK
386,Harpie's Pet Dragon,https://yugioh-fm-db.pages.dev/cards/386/,OK
387,Mystic Lamp,https://yugioh-fm-db.pages.dev/cards/387/,OK
388,Pendulum Machine,https://yugioh-fm-db.pages.dev/cards/388/,OK
389,Giltia the D. Knight,https://yugioh-fm-db.pages.dev/cards/389/,OK
390,Launcher Spider,https://yugioh-fm-db.pages.dev/cards/390/,OK
391,Zoa,https://yugioh-fm-db.pages.dev/cards/391/,OK
392,Metalzoa,https://yugioh-fm-db.pages.dev/cards/392/,OK
393,Zone Eater,https://yugioh-fm-db.pages.dev/cards/393/,OK
394,Steel Scorpion,https://yugioh-fm-db.pages.dev/cards/394/,OK
395,Dancing Elf,https://yugioh-fm-db.pages.dev/cards/395/,OK
396,Ocubeam,https://yugioh-fm-db.pages.dev/cards/396/,OK
397,Leghul,https://yugioh-fm-db.pages.dev/cards/397/,OK
398,Ooguchi,https://yugioh-fm-db.pages.dev/cards/398/,OK
399,Swordsman from a Foreign Land,https://yugioh-fm-db.pages.dev/cards/399/,OK
400,Emperor of the Land and Sea,https://yugioh-fm-db.pages.dev/cards/400/,OK
401,Ushi Oni,https://yugioh-fm-db.pages.dev/cards/401/,OK
402,Monster Eye,https://yugioh-fm-db.pages.dev/cards/402/,OK
403,Leogun,https://yugioh-fm-db.pages.dev/cards/403/,OK
404,Tatsunootoshigo,https://yugioh-fm-db.pages.dev/cards/404/,OK
405,Saber Slasher,https://yugioh-fm-db.pages.dev/cards/405/,OK
406,Yaiba Robo,https://yugioh-fm-db.pages.dev/cards/406/,OK
407,Machine King,https://yugioh-fm-db.pages.dev/cards/407/,OK
408,Giant Mech-soldier,https://yugioh-fm-db.pages.dev/cards/408/,OK
409,Metal Dragon,https://yugioh-fm-db.pages.dev/cards/409/,OK
410,Mechanical Spider,https://yugioh-fm-db.pages.dev/cards/410/,OK
411,Bat,https://yugioh-fm-db.pages.dev/cards/411/,OK
412,Giga-tech Wolf,https://yugioh-fm-db.pages.dev/cards/412/,OK
413,Cyber Soldier,https://yugioh-fm-db.pages.dev/cards/413/,OK
414,Shovel Crusher,https://yugioh-fm-db.pages.dev/cards/414/,OK
415,Mechanicalchacer,https://yugioh-fm-db.pages.dev/cards/415/,OK
416,Blocker,https://yugioh-fm-db.pages.dev/cards/416/,OK
417,Blast Juggler,https://yugioh-fm-db.pages.dev/cards/417/,OK
418,Golgoil,https://yugioh-fm-db.pages.dev/cards/418/,OK
419,Giganto,https://yugioh-fm-db.pages.dev/cards/419/,OK
420,Cyber-Stein,https://yugioh-fm-db.pages.dev/cards/420/,OK
421,Cyber Commander,https://yugioh-fm-db.pages.dev/cards/421/,OK
422,Jinzo #7,https://yugioh-fm-db.pages.dev/cards/422/,OK
423,Dice Armadillo,https://yugioh-fm-db.pages.dev/cards/423/,OK
424,Sky Dragon,https://yugioh-fm-db.pages.dev/cards/424/,OK
425,Thunder Dragon,https://yugioh-fm-db.pages.dev/cards/425/,OK
426,Stone D.,https://yugioh-fm-db.pages.dev/cards/426/,OK
427,Kaiser Dragon,https://yugioh-fm-db.pages.dev/cards/427/,OK
428,Magician of Faith,https://yugioh-fm-db.pages.dev/cards/428/,OK
429,Goddess of Whim,https://yugioh-fm-db.pages.dev/cards/429/,OK
430,Water Magician,https://yugioh-fm-db.pages.dev/cards/430/,OK
431,Ice Water,https://yugioh-fm-db.pages.dev/cards/431/,OK
432,Waterdragon Fairy,https://yugioh-fm-db.pages.dev/cards/432/,OK
433,Ancient Elf,https://yugioh-fm-db.pages.dev/cards/433/,OK
434,Beautiful Beast Trainer,https://yugioh-fm-db.pages.dev/cards/434/,OK
435,Water Girl,https://yugioh-fm-db.pages.dev/cards/435/,OK
436,White Dolphin,https://yugioh-fm-db.pages.dev/cards/436/,OK
437,Deepsea Shark,https://yugioh-fm-db.pages.dev/cards/437/,OK
438,Metal Fish,https://yugioh-fm-db.pages.dev/cards/438/,OK
439,Bottom Dweller,https://yugioh-fm-db.pages.dev/cards/439/,OK
440,7 Colored Fish,https://yugioh-fm-db.pages.dev/cards/440/,OK
441,Mech Bass,https://yugioh-fm-db.pages.dev/cards/441/,OK
442,Aqua Dragon,https://yugioh-fm-db.pages.dev/cards/442/,OK
443,Sea King Dragon,https://yugioh-fm-db.pages.dev/cards/443/,OK
444,Turu-Purun,https://yugioh-fm-db.pages.dev/cards/444/,OK
445,Guardian of the Sea,https://yugioh-fm-db.pages.dev/cards/445/,OK
446,Aqua Snake,https://yugioh-fm-db.pages.dev/cards/446/,OK
447,Giant Red Seasnake,https://yugioh-fm-db.pages.dev/cards/447/,OK
448,Spike Seadra,https://yugioh-fm-db.pages.dev/cards/448/,OK
449,"30,000-Year White Turtle",https://yugioh-fm-db.pages.dev/cards/449/,OK
450,Kappa Avenger,https://yugioh-fm-db.pages.dev/cards/450/,OK
451,Kanikabuto,https://yugioh-fm-db.pages.dev/cards/451/,OK
452,Zarigun,https://yugioh-fm-db.pages.dev/cards/452/,OK
453,Millennium Golem,https://yugioh-fm-db.pages.dev/cards/453/,OK
454,Destroyer Golem,https://yugioh-fm-db.pages.dev/cards/454/,OK
455,Barrel Rock,https://yugioh-fm-db.pages.dev/cards/455/,OK
456,Minomushi Warrior,https://yugioh-fm-db.pages.dev/cards/456/,OK
457,Stone Ghost,https://yugioh-fm-db.pages.dev/cards/457/,OK
458,Kaminari Attack,https://yugioh-fm-db.pages.dev/cards/458/,OK
459,Tripwire Beast,https://yugioh-fm-db.pages.dev/cards/459/,OK
460,Bolt Escargot,https://yugioh-fm-db.pages.dev/cards/460/,OK
461,Bolt Penguin,https://yugioh-fm-db.pages.dev/cards/461/,OK
462,The Immortal of Thunder,https://yugioh-fm-db.pages.dev/cards/462/,OK
463,Electric Snake,https://yugioh-fm-db.pages.dev/cards/463/,OK
464,Wing Eagle,https://yugioh-fm-db.pages.dev/cards/464/,OK
465,Punished Eagle,https://yugioh-fm-db.pages.dev/cards/465/,OK
466,Skull Red Bird,https://yugioh-fm-db.pages.dev/cards/466/,OK
467,Crimson Sunbird,https://yugioh-fm-db.pages.dev/cards/467/,OK
468,Queen Bird,https://yugioh-fm-db.pages.dev/cards/468/,OK
469,Armed Ninja,https://yugioh-fm-db.pages.dev/cards/469/,OK
470,Magical Ghost,https://yugioh-fm-db.pages.dev/cards/470/,OK
471,Soul Hunter,https://yugioh-fm-db.pages.dev/cards/471/,OK
472,Air Eater,https://yugioh-fm-db.pages.dev/cards/472/,OK
473,Vermillion Sparrow,https://yugioh-fm-db.pages.dev/cards/473/,OK
474,Sea Kamen,https://yugioh-fm-db.pages.dev/cards/474/,OK
475,Sinister Serpent,https://yugioh-fm-db.pages.dev/cards/475/,OK
476,Ganigumo,https://yugioh-fm-db.pages.dev/cards/476/,OK
477,Alinsection,https://yugioh-fm-db.pages.dev/cards/477/,OK
478,Insect Soldiers of the Sky,https://yugioh-fm-db.pages.dev/cards/478/,OK
479,Cockroach Knight,https://yugioh-fm-db.pages.dev/cards/479/,OK
480,Kuwagata a,https://yugioh-fm-db.pages.dev/cards/480/,OK
481,Burglar,https://yugioh-fm-db.pages.dev/cards/481/,OK
482,Pragtical,https://yugioh-fm-db.pages.dev/cards/482/,OK
483,Garvas,https://yugioh-fm-db.pages.dev/cards/483/,OK
484,Ameba,https://yugioh-fm-db.pages.dev/cards/484/,OK
485,Korogashi,https://yugioh-fm-db.pages.dev/cards/485/,OK
486,Boo Koo,https://yugioh-fm-db.pages.dev/cards/486/,OK
487,Flower Wolf,https://yugioh-fm-db.pages.dev/cards/487/,OK
488,Rainbow Flower,https://yugioh-fm-db.pages.dev/cards/488/,OK
489,Barrel Lily,https://yugioh-fm-db.pages.dev/cards/489/,OK
490,Needle Ball,https://yugioh-fm-db.pages.dev/cards/490/,OK
491,Peacock,https://yugioh-fm-db.pages.dev/cards/491/,OK
492,Hoshiningen,https://yugioh-fm-db.pages.dev/cards/492/,OK
493,Maha Vailo,https://yugioh-fm-db.pages.dev/cards/493/,OK
494,Rainbow Marine Mermaid,https://yugioh-fm-db.pages.dev/cards/494/,OK
495,Musician King,https://yugioh-fm-db.pages.dev/cards/495/,OK
496,Wilmee,https://yugioh-fm-db.pages.dev/cards/496/,OK
497,Yado Karu,https://yugioh-fm-db.pages.dev/cards/497/,OK
498,Morinphen,https://yugioh-fm-db.pages.dev/cards/498/,OK
499,Kattapillar,https://yugioh-fm-db.pages.dev/cards/499/,OK
500,Dragon Seeker,https://yugioh-fm-db.pages.dev/cards/500/,OK
501,Man-eater Bug,https://yugioh-fm-db.pages.dev/cards/501/,OK
502,D. Human,https://yugioh-fm-db.pages.dev/cards/502/,OK
503,Turtle Raccoon,https://yugioh-fm-db.pages.dev/cards/503/,OK
504,Fungi of the Musk,https://yugioh-fm-db.pages.dev/cards/504/,OK
505,Prisman,https://yugioh-fm-db.pages.dev/cards/505/,OK
506,Gale Dogra,https://yugioh-fm-db.pages.dev/cards/506/,OK
507,Crazy Fish,https://yugioh-fm-db.pages.dev/cards/507/,OK
508,Cyber Saurus,https://yugioh-fm-db.pages.dev/cards/508/,OK
509,Bracchio-raidus,https://yugioh-fm-db.pages.dev/cards/509/,OK
510,Laughing Flower,https://yugioh-fm-db.pages.dev/cards/510/,OK
511,Bean Soldier,https://yugioh-fm-db.pages.dev/cards/511/,OK
512,Cannon Soldier,https://yugioh-fm-db.pages.dev/cards/512/,OK
513,Guardian of the Throne Room,https://yugioh-fm-db.pages.dev/cards/513/,OK
514,Brave Scizzar,https://yugioh-fm-db.pages.dev/cards/514/,OK
515,The Statue of Easter Island,https://yugioh-fm-db.pages.dev/cards/515/,OK
516,Muka Muka,https://yugioh-fm-db.pages.dev/cards/516/,OK
517,Sand Stone,https://yugioh-fm-db.pages.dev/cards/517/,OK
518,Boulder Tortoise,https://yugioh-fm-db.pages.dev/cards/518/,OK
519,Fire Kraken,https://yugioh-fm-db.pages.dev/cards/519/,OK
520,Turtle Bird,https://yugioh-fm-db.pages.dev/cards/520/,OK
521,Skullbird,https://yugioh-fm-db.pages.dev/cards/521/,OK
522,Monstrous Bird,https://yugioh-fm-db.pages.dev/cards/522/,OK
523,The Bistro Butcher,https://yugioh-fm-db.pages.dev/cards/523/,OK
524,Star Boy,https://yugioh-fm-db.pages.dev/cards/524/,OK
525,Spirit of the Mountain,https://yugioh-fm-db.pages.dev/cards/525/,OK
526,Neck Hunter,https://yugioh-fm-db.pages.dev/cards/526/,OK
527,Milus Radiant,https://yugioh-fm-db.pages.dev/cards/527/,OK
528,Togex,https://yugioh-fm-db.pages.dev/cards/528/,OK
529,Flame Cerebrus,https://yugioh-fm-db.pages.dev/cards/529/,OK
530,Eldeen,https://yugioh-fm-db.pages.dev/cards/530/,OK
531,Mystical Sand,https://yugioh-fm-db.pages.dev/cards/531/,OK
532,Gemini Elf,https://yugioh-fm-db.pages.dev/cards/532/,OK
533,Kwagar Hercules,https://yugioh-fm-db.pages.dev/cards/533/,OK
534,Minar,https://yugioh-fm-db.pages.dev/cards/534/,OK
535,Kamakiriman,https://yugioh-fm-db.pages.dev/cards/535/,OK
536,Mechaleon,https://yugioh-fm-db.pages.dev/cards/536/,OK
537,Mega Thunderball,https://yugioh-fm-db.pages.dev/cards/537/,OK
538,Niwatori,https://yugioh-fm-db.pages.dev/cards/538/,OK
539,Corroding Shark,https://yugioh-fm-db.pages.dev/cards/539/,OK
540,Skelengel,https://yugioh-fm-db.pages.dev/cards/540/,OK
541,Hane-Hane,https://yugioh-fm-db.pages.dev/cards/541/,OK
542,Misairuzame,https://yugioh-fm-db.pages.dev/cards/542/,OK
543,Tongyo,https://yugioh-fm-db.pages.dev/cards/543/,OK
544,Dharma Cannon,https://yugioh-fm-db.pages.dev/cards/544/,OK
545,Skelgon,https://yugioh-fm-db.pages.dev/cards/545/,OK
546,Wow Warrior,https://yugioh-fm-db.pages.dev/cards/546/,OK
547,Griggle,https://yugioh-fm-db.pages.dev/cards/547/,OK
548,Bone Mouse,https://yugioh-fm-db.pages.dev/cards/548/,OK
549,Frog The Jam,https://yugioh-fm-db.pages.dev/cards/549/,OK
550,Behegon,https://yugioh-fm-db.pages.dev/cards/550/,OK
551,Dark Elf,https://yugioh-fm-db.pages.dev/cards/551/,OK
552,Winged Dragon #2,https://yugioh-fm-db.pages.dev/cards/552/,OK
553,Mushroom Man #2,https://yugioh-fm-db.pages.dev/cards/553/,OK
554,Lava Battleguard,https://yugioh-fm-db.pages.dev/cards/554/,OK
555,Tyhone #2,https://yugioh-fm-db.pages.dev/cards/555/,OK
556,The Wandering Doomed,https://yugioh-fm-db.pages.dev/cards/556/,OK
557,Steel Ogre Grotto #1,https://yugioh-fm-db.pages.dev/cards/557/,OK
558,Pot the Trick,https://yugioh-fm-db.pages.dev/cards/558/,OK
559,Oscillo Hero,https://yugioh-fm-db.pages.dev/cards/559/,OK
560,Invader from Another Dimension,https://yugioh-fm-db.pages.dev/cards/560/,OK
561,Lesser Dragon,https://yugioh-fm-db.pages.dev/cards/561/,OK
562,Needle Worm,https://yugioh-fm-db.pages.dev/cards/562/,OK
563,Wretched Ghost of the Attic,https://yugioh-fm-db.pages.dev/cards/563/,OK
564,Great Mammoth of Goldfine,https://yugioh-fm-db.pages.dev/cards/564/,OK
565,Man-eating Black Shark,https://yugioh-fm-db.pages.dev/cards/565/,OK
566,Yormungarde,https://yugioh-fm-db.pages.dev/cards/566/,OK
567,Darkworld Thorns,https://yugioh-fm-db.pages.dev/cards/567/,OK
568,Anthrosaurus,https://yugioh-fm-db.pages.dev/cards/568/,OK
569,Drooling Lizard,https://yugioh-fm-db.pages.dev/cards/569/,OK
570,Trakadon,https://yugioh-fm-db.pages.dev/cards/570/,OK
571,B. Dragon Jungle King,https://yugioh-fm-db.pages.dev/cards/571/,OK
572,Empress Judge,https://yugioh-fm-db.pages.dev/cards/572/,OK
573,Little D,https://yugioh-fm-db.pages.dev/cards/573/,OK
574,Witch of the Black Forest,https://yugioh-fm-db.pages.dev/cards/574/,OK
575,Ancient One of the Deep Forest,https://yugioh-fm-db.pages.dev/cards/575/,OK
576,Giant Scorpion of the Tundra,https://yugioh-fm-db.pages.dev/cards/576/,OK
577,Crow Goblin,https://yugioh-fm-db.pages.dev/cards/577/,OK
578,Leo Wizard,https://yugioh-fm-db.pages.dev/cards/578/,OK
579,Abyss Flower,https://yugioh-fm-db.pages.dev/cards/579/,OK
580,Patrol Robo,https://yugioh-fm-db.pages.dev/cards/580/,OK
581,Takuhee,https://yugioh-fm-db.pages.dev/cards/581/,OK
582,Dark Witch,https://yugioh-fm-db.pages.dev/cards/582/,OK
583,Weather Report,https://yugioh-fm-db.pages.dev/cards/583/,OK
584,Binding Chain,https://yugioh-fm-db.pages.dev/cards/584/,OK
585,Mechanical Snail,https://yugioh-fm-db.pages.dev/cards/585/,OK
586,Greenkappa,https://yugioh-fm-db.pages.dev/cards/586/,OK
587,Mon Larvas,https://yugioh-fm-db.pages.dev/cards/587/,OK
588,Living Vase,https://yugioh-fm-db.pages.dev/cards/588/,OK
589,Tentacle Plant,https://yugioh-fm-db.pages.dev/cards/589/,OK
590,Beaked Snake,https://yugioh-fm-db.pages.dev/cards/590/,OK
591,Morphing Jar,https://yugioh-fm-db.pages.dev/cards/591/,OK
592,Muse-A,https://yugioh-fm-db.pages.dev/cards/592/,OK
593,Giant Turtle Who Feeds on Flames,https://yugioh-fm-db.pages.dev/cards/593/,OK
594,Rose Spectre of Dunn,https://yugioh-fm-db.pages.dev/cards/594/,OK
595,Fiend Refrection #1,https://yugioh-fm-db.pages.dev/cards/595/,OK
596,Ghoul with an Appetite,https://yugioh-fm-db.pages.dev/cards/596/,OK
597,Pale Beast,https://yugioh-fm-db.pages.dev/cards/597/,OK
598,Little Chimera,https://yugioh-fm-db.pages.dev/cards/598/,OK
599,Violent Rain,https://yugioh-fm-db.pages.dev/cards/599/,OK
600,Key Mace #2,https://yugioh-fm-db.pages.dev/cards/600/,OK
601,Tenderness,https://yugioh-fm-db.pages.dev/cards/601/,OK
602,Penguin Soldier,https://yugioh-fm-db.pages.dev/cards/602/,OK
603,Fairy Dragon,https://yugioh-fm-db.pages.dev/cards/603/,OK
604,Obese Marmot of Nefariousness,https://yugioh-fm-db.pages.dev/cards/604/,OK
605,Liquid Beast,https://yugioh-fm-db.pages.dev/cards/605/,OK
606,Twin Long Rods #2,https://yugioh-fm-db.pages.dev/cards/606/,OK
607,Great Bill,https://yugioh-fm-db.pages.dev/cards/607/,OK
608,Shining Friendship,https://yugioh-fm-db.pages.dev/cards/608/,OK
609,Bladefly,https://yugioh-fm-db.pages.dev/cards/609/,OK
610,Electric Lizard,https://yugioh-fm-db.pages.dev/cards/610/,OK
611,Hiro's Shadow Scout,https://yugioh-fm-db.pages.dev/cards/611/,OK
612,Lady of Faith,https://yugioh-fm-db.pages.dev/cards/612/,OK
613,Twin-headed Thunder Dragon,https://yugioh-fm-db.pages.dev/cards/613/,OK
614,Hunter Spider,https://yugioh-fm-db.pages.dev/cards/614/,OK
615,Armored Starfish,https://yugioh-fm-db.pages.dev/cards/615/,OK
616,Hourglass of Courage,https://yugioh-fm-db.pages.dev/cards/616/,OK
617,Marine Beast,https://yugioh-fm-db.pages.dev/cards/617/,OK
618,Warrior of Tradition,https://yugioh-fm-db.pages.dev/cards/618/,OK
619,Rock Spirit,https://yugioh-fm-db.pages.dev/cards/619/,OK
620,Snakeyashi,https://yugioh-fm-db.pages.dev/cards/620/,OK
621,Succubus Knight,https://yugioh-fm-db.pages.dev/cards/621/,OK
622,Ill Witch,https://yugioh-fm-db.pages.dev/cards/622/,OK
623,The Thing That Hides in the Mud,https://yugioh-fm-db.pages.dev/cards/623/,OK
624,High Tide Gyojin,https://yugioh-fm-db.pages.dev/cards/624/,OK
625,Fairy of the Fountain,https://yugioh-fm-db.pages.dev/cards/625/,OK
626,Amazon of the Seas,https://yugioh-fm-db.pages.dev/cards/626/,OK
627,Nekogal #2,https://yugioh-fm-db.pages.dev/cards/627/,OK
628,Witch's Apprentice,https://yugioh-fm-db.pages.dev/cards/628/,OK
629,Armored Rat,https://yugioh-fm-db.pages.dev/cards/629/,OK
630,Ancient Lizard Warrior,https://yugioh-fm-db.pages.dev/cards/630/,OK
631,Maiden of the Moonlight,https://yugioh-fm-db.pages.dev/cards/631/,OK
632,Stone Ogre Grotto,https://yugioh-fm-db.pages.dev/cards/632/,OK
633,Winged Egg of New Life,https://yugioh-fm-db.pages.dev/cards/633/,OK
634,Night Lizard,https://yugioh-fm-db.pages.dev/cards/634/,OK
635,Queen's Double,https://yugioh-fm-db.pages.dev/cards/635/,OK
636,Blue-winged Crown,https://yugioh-fm-db.pages.dev/cards/636/,OK
637,Trent,https://yugioh-fm-db.pages.dev/cards/637/,OK
638,Queen of Autumn Leaves,https://yugioh-fm-db.pages.dev/cards/638/,OK
639,Amphibious Bugroth,https://yugioh-fm-db.pages.dev/cards/639/,OK
640,Acid Crawler,https://yugioh-fm-db.pages.dev/cards/640/,OK
641,Invader of the Throne,https://yugioh-fm-db.pages.dev/cards/641/,OK
642,Mystical Sheep #1,https://yugioh-fm-db.pages.dev/cards/642/,OK
643,Disk Magician,https://yugioh-fm-db.pages.dev/cards/643/,OK
644,Flame Viper,https://yugioh-fm-db.pages.dev/cards/644/,OK
645,Royal Guard,https://yugioh-fm-db.pages.dev/cards/645/,OK
646,Gruesome Goo,https://yugioh-fm-db.pages.dev/cards/646/,OK
647,Hyosube,https://yugioh-fm-db.pages.dev/cards/647/,OK
648,Machine Attacker,https://yugioh-fm-db.pages.dev/cards/648/,OK
649,Hibikime,https://yugioh-fm-db.pages.dev/cards/649/,OK
650,Whiptail Crow,https://yugioh-fm-db.pages.dev/cards/650/,OK
651,Kunai with Chain,https://yugioh-fm-db.pages.dev/cards/651/,OK
652,Magical Labyrinth,https://yugioh-fm-db.pages.dev/cards/652/,OK
653,Warrior Elimination,https://yugioh-fm-db.pages.dev/cards/653/,OK
654,Salamandra,https://yugioh-fm-db.pages.dev/cards/654/,OK
655,Cursebreaker,https://yugioh-fm-db.pages.dev/cards/655/,OK
656,Eternal Rest,https://yugioh-fm-db.pages.dev/cards/656/,OK
657,Megamorph,https://yugioh-fm-db.pages.dev/cards/657/,OK
658,Metalmorph,https://yugioh-fm-db.pages.dev/cards/658/,OK
659,Winged Trumpeter,https://yugioh-fm-db.pages.dev/cards/659/,OK
660,Stain Storm,https://yugioh-fm-db.pages.dev/cards/660/,OK
661,Crush Card,https://yugioh-fm-db.pages.dev/cards/661/,OK
662,Eradicating Aerosol,https://yugioh-fm-db.pages.dev/cards/662/,OK
663,Breath of Light,https://yugioh-fm-db.pages.dev/cards/663/,OK
664,Eternal Draught,https://yugioh-fm-db.pages.dev/cards/664/,OK
665,Curse of Millennium Shield,https://yugioh-fm-db.pages.dev/cards/665/,OK
666,Yamadron Ritual,https://yugioh-fm-db.pages.dev/cards/666/,OK
668,Bright Castle,https://yugioh-fm-db.pages.dev/cards/668/,OK
669,Shadow Spell,https://yugioh-fm-db.pages.dev/cards/669/,OK
670,Black Luster Ritual,https://yugioh-fm-db.pages.dev/cards/670/,OK
671,Zera Ritual,https://yugioh-fm-db.pages.dev/cards/671/,OK
672,Harpie's Feather Duster,https://yugioh-fm-db.pages.dev/cards/672/,OK
673,War-lion Ritual,https://yugioh-fm-db.pages.dev/cards/673/,OK
674,Beastry Mirror Ritual,https://yugioh-fm-db.pages.dev/cards/674/,OK
675,Ultimate Dragon,https://yugioh-fm-db.pages.dev/cards/675/,OK
676,Commencement Dance,https://yugioh-fm-db.pages.dev/cards/676/,OK
677,Hamburger Recipe,https://yugioh-fm-db.pages.dev/cards/677/,OK
678,Revival of Sennen Genjin,https://yugioh-fm-db.pages.dev/cards/678/,OK
679,Novox's Prayer,https://yugioh-fm-db.pages.dev/cards/679/,OK
680,Curse of Tri-Horned Dragon,https://yugioh-fm-db.pages.dev/cards/680/,OK
681,House of Adhesive Tape,https://yugioh-fm-db.pages.dev/cards/681/,OK
682,Eatgaboon,https://yugioh-fm-db.pages.dev/cards/682/,OK
683,Bear Trap,https://yugioh-fm-db.pages.dev/cards/683/,OK
684,Invisible Wire,https://yugioh-fm-db.pages.dev/cards/684/,OK
685,Acid Trap Hole,https://yugioh-fm-db.pages.dev/cards/685/,OK
686,Widespread Ruin,https://yugioh-fm-db.pages.dev/cards/686/,OK
687,Goblin Fan,https://yugioh-fm-db.pages.dev/cards/687/,OK
688,Bad Reaction to Simochi,https://yugioh-fm-db.pages.dev/cards/688/,OK
689,Reverse Trap,https://yugioh-fm-db.pages.dev/cards/689/,OK
690,Fake Trap,https://yugioh-fm-db.pages.dev/cards/690/,OK
691,Revived of Serpent Night Dragon,https://yugioh-fm-db.pages.dev/cards/691/,OK
692,Turtle Oath,https://yugioh-fm-db.pages.dev/cards/692/,OK
693,Contruct of Mask,https://yugioh-fm-db.pages.dev/cards/693/,OK
694,Resurrection of Chakra,https://yugioh-fm-db.pages.dev/cards/694/,OK
695,Puppet Ritual,https://yugioh-fm-db.pages.dev/cards/695/,OK
697,Garma Sword Oath,https://yugioh-fm-db.pages.dev/cards/697/,OK
698,Cosmo Queen's Prayer,https://yugioh-fm-db.pages.dev/cards/698/,OK
699,Revival of Skeleton Rider,https://yugioh-fm-db.pages.dev/cards/699/,OK
700,Fortress Whale's Oath,https://yugioh-fm-db.pages.dev/cards/700/,OK
701,Performance of Sword,https://yugioh-fm-db.pages.dev/cards/701/,OK
703,Sengenjin,https://yugioh-fm-db.pages.dev/cards/703/,OK
704,Skull Guardian,https://yugioh-fm-db.pages.dev/cards/704/,OK
705,Tri-horned Dragon,https://yugioh-fm-db.pages.dev/cards/705/,OK
706,Serpent Night Dragon,https://yugioh-fm-db.pages.dev/cards/706/,OK
707,Skull Knight,https://yugioh-fm-db.pages.dev/cards/707/,OK
708,Cosmo Queen,https://yugioh-fm-db.pages.dev/cards/708/,OK
709,Chakra,https://yugioh-fm-db.pages.dev/cards/709/,OK
710,Crab Turtle,https://yugioh-fm-db.pages.dev/cards/710/,OK
711,Mikazukinoyaiba,https://yugioh-fm-db.pages.dev/cards/711/,OK
712,Meteor Dragon,https://yugioh-fm-db.pages.dev/cards/712/,OK
713,Meteor B. Dragon,https://yugioh-fm-db.pages.dev/cards/713/,OK
714,Firewing Pegasus,https://yugioh-fm-db.pages.dev/cards/714/,OK
715,Psycho-Puppet,https://yugioh-fm-db.pages.dev/cards/715/,OK
716,Garma Sword,https://yugioh-fm-db.pages.dev/cards/716/,OK
717,Javelin Beetle,https://yugioh-fm-db.pages.dev/cards/717/,OK
718,Fortress Whale,https://yugioh-fm-db.pages.dev/cards/718/,OK
719,Dokurorider,https://yugioh-fm-db.pages.dev/cards/719/,OK
